candidate_id,cohort_channel_name,channel_id,run_channel_title,run_dir,n_videos_in_scope,top_level_comments,top_level_commenters,all_comments,comments_per_video,commenters_per_video,comments_per_1k_views,core_tier_commenter_share,regular_tier_commenter_share,returning_tier_commenter_share,one_time_tier_commenter_share,core_regular_tier_commenter_share,core_regular_tier_comment_share,high_tier_commenter_share,mid_tier_commenter_share,low_tier_commenter_share,high_mid_tier_commenter_share,high_mid_tier_comment_share,continuity_return_rate_w4,rolling_return_rate_mean,rolling_return_rate_latest,commenter_network_density,commenter_network_modularity,commenter_network_communities,largest_community_share,top3_community_share,community_hhi,top_bridge_participation_mean,video_network_density,video_network_modularity,video_network_clusters,negative_rate,positive_rate,like_weighted_negative_rate,like_weighted_positive_rate,max_video_negative_rate,top5_hotspot_negative_rate_mean,max_video_like_weighted_negative_rate,max_community_negative_rate,reply_share_all_comments,pct_threads_with_replies,reply_negative_rate,max_video_conflict_score,max_video_reply_count_weighted_conflict_score,max_video_like_weighted_conflict_score,max_video_conflict_thread_rate_replied,max_theme_conflict_score,max_theme_reply_count_weighted_conflict_score,max_theme_like_weighted_conflict_score
TW001,Onion Man,UCzxN4G3s9uR9ao5_O5DoXmA,Onion Man,baseline_runs/onion-man-full,118.0,88909.0,48825.0,109733.0,753.4661016949152,413.771186440678,0.8054033853556759,0.036108550947,0.091162314388,0.14140296979,0.731326164875,0.127270865335,0.43497283739553927,0.036108550947,0.091162314388,0.872729134665,0.127270865335,0.43497283739553927,0.22106712237729043,0.23763651104010683,0.23763651104010683,0.01902740244131321,0.1706540070151184,4.0,0.41985838429353073,0.9475378178307049,0.3198880006513734,0.6930337207958307,1.0,0.0809644986130299,3.0,0.0965252020814158,0.2512826588173111,0.09415992812219227,0.2916385183163306,0.39979338842975204,0.3246738229449785,0.5636172929587742,0.1157529493407356,0.18976971375976234,0.060545051682056934,0.0840856703803304,0.8448275862068966,0.8252032520325203,2.438902743142145,0.12195121951219512,4.172703564184294,4.622064972660019,8.316925685221813
TW002,喪屍老爸,UCFsNxYnUEs4tcqyddJhW43g,喪屍老爸,baseline_runs/walkerdad-full,473.0,72735.0,26978.0,88414.0,153.7737843551797,57.035940803382665,0.6600175026460363,0.008228927274,0.022685150863999998,0.299392097264,0.669693824598,0.030914078137999998,0.34704062693338833,0.008228927274,0.022685150863999998,0.969085921862,0.030914078137999998,0.34704062693338833,0.21068052600369738,0.21497396818718423,0.21255722694571616,0.011039904193087776,0.274277310322899,4.0,0.3939267015706806,0.9026178010471204,0.29468608864888574,0.6749446441440817,0.7470568232991149,0.20398570965598967,3.0,0.02538059583323908,0.4310516434048906,0.02081913189213128,0.5137137076290504,0.25,0.15786446551886907,0.3170731707317073,0.022377400412632916,0.17733616848010497,0.1109369629476868,0.038012628356400284,0.6097560975609756,0.9811320754716981,1.4262295081967213,0.3333333333333333,2.1654328934663667,3.0123580494321978,2.821124645419656
TW003,見習網美小吳,UCAfcy122TZHqDQMMAwfbvBQ,見習網美小吳,baseline_runs/beautywu-full,344.0,391701.0,163806.0,419485.0,1138.6656976744187,476.18023255813955,1.6211391435487896,0.007673711586000001,0.04654896646,0.334303993749,0.611473328205,0.054222678046,0.3097541236810731,0.007673711586000001,0.04654896646,0.945777321954,0.054222678046,0.3097541236810731,0.2968479249559177,0.3078015011582255,0.1952096550868999,0.043004961256985524,0.1544217688146493,5.0,0.46380185689040976,0.818265967294045,0.3023009197194345,0.7390395921973064,0.9276422348387977,0.20570139371127397,3.0,0.031138181341406723,0.7295445605921547,0.04898392557330478,0.668330921135708,0.5175231133089658,0.34328547899657197,0.7460981800507641,0.043187660668380465,0.06623359595694721,0.02644108644093326,0.05481572127843363,2.380952380952381,9.246861924686193,9.19917864476386,0.25,3.031576448243115,6.458934169278997,10.133340550683844
TW004,阿翰po影片,UCEBaVKCwLP3UOdSq3LNNqmw,阿翰po影片,baseline_runs/hanhanpovideo-full,43.0,24615.0,15378.0,33270.0,572.4418604651163,357.6279069767442,1.2439323868801038,0.103719599428,0.125243854858,0.0,0.771036545715,0.228963454286,0.5101767215112736,0.103719599428,0.125243854858,0.771036545715,0.228963454286,0.5101767215112736,0.17465932914046123,,,0.05078920560251413,0.1414448527611381,4.0,0.5028213166144201,0.9103448275862069,0.34603079765332495,0.6974139163195622,1.0,0.0562257924907153,2.0,0.049443943492636006,0.4479110309588218,0.03754888808443886,0.5710009960984174,0.11024978466838932,0.0921402629685223,0.21507553340601152,0.053844449368491025,0.2601442741208296,0.19744058500914077,0.06192952050837666,1.3444444444444443,2.962962962962963,5.720524017467249,0.12222222222222222,5.8301343570057576,7.285242290748899,9.384248403008005
TW005,反正我很閒,UCzjNxGvrqfxL9KGkObbzrmg,反正我很閒,baseline_runs/fanzy-free-full,21.0,13060.0,8849.0,16837.0,621.9047619047619,421.3809523809524,1.2983132068276562,0.09198779523100001,0.138320714205,0.0,0.769691490564,0.230308509436,0.4732771822358346,0.09198779523100001,0.138320714205,0.769691490564,0.230308509436,0.4732771822358346,0.1794778825235678,,,0.06884140094472198,0.16289373782107708,6.0,0.2039312039312039,0.6007371007371007,0.17665666560015456,0.8136497696998728,1.0,0.022930581703191538,2.0,0.12128051315555027,0.17111124309556333,0.10826492562796225,0.2834086842500649,0.26721311475409837,0.18914205957047983,0.37878491127737085,0.14255091103965703,0.22432737423531507,0.07013782542113323,0.1331744770982261,1.975609756097561,2.86875,3.2748387096774194,0.21951219512195122,1.546325878594249,1.8177966101694916,1.9032524351989433
TW006,哈哈台,UC9g4w3QvOCTM_3ok6WlH43Q,HahaTai 哈哈台,baseline_runs/hahatai-full,168.0,51497.0,33112.0,71180.0,306.5297619047619,197.0952380952381,0.5545281112435703,0.009694370621,0.042522348392999995,0.162901667069,0.784881613916,0.052216719014,0.24193642348097946,0.009694370621,0.042522348392999995,0.947783280985,0.052216719014,0.24193642348097946,0.167071787392643,0.202858601145229,0.20505228092902747,0.005855245323936026,0.2266993688598546,9.0,0.4025537634408602,0.709005376344086,0.2355009430280957,0.7627569407536698,0.49985218033998524,0.14063884695657197,3.0,0.10386344478786176,0.38314133183478505,0.08146932969896138,0.5497408394923335,0.4071235347159603,0.31834877592585487,0.7698100851342502,0.12539184952978055,0.2765243045799382,0.11540478086102103,0.1406797744246304,5.296610169491525,5.113079019073569,6.748314606741573,0.21739130434782608,10.08609794628752,15.272238404660543,18.241773714126786
TW007,上班不要看 NSFW,UCj_z-Zeqk8LfwVxx0MUdL-Q,上班不要看 NSFW,baseline_runs/nsfwstudio-full,152.0,41459.0,20110.0,50234.0,272.75657894736844,132.30263157894737,0.9356952210527204,0.034808552959000004,0.066434609647,0.192441571358,0.706315266037,0.101243162606,0.4374683422176126,0.034808552959000004,0.066434609647,0.898756837395,0.101243162606,0.4374683422176126,0.25706524329218894,0.26122062784618266,0.2836503022261536,0.0223131170024767,0.1339312500386963,4.0,0.29592818210965055,0.7941647964091054,0.25429914245868257,0.7183282564444694,0.8521261763680725,0.06322078448431392,3.0,0.07003224907433213,0.3754827407731815,0.057992700918677476,0.47600388226999013,0.2531914893617021,0.23392569177405012,0.44152553673823175,0.07206208425720621,0.17468248596568062,0.08808702573626957,0.09002849002849003,1.1428571428571428,2.125,2.857142857142857,0.2857142857142857,3.106125970664366,6.796616403089371,13.648893220103021
TW008,滴妹,UCGpNjY0Xq2GJLXh4OOX1LOA,滴妹,baseline_runs/crowndu-full,99.0,24730.0,17058.0,29331.0,249.7979797979798,172.3030303030303,0.9683783167838406,0.018056044085,0.09661156055799999,0.0,0.885332395357,0.11466760464299999,0.3710473109583502,0.018056044085,0.09661156055799999,0.885332395357,0.11466760464299999,0.3710473109583502,0.08549683913337015,,,0.06269989435447691,0.09482620869685897,5.0,0.5080645161290323,0.9206989247311828,0.35181451612903225,0.6549599501947319,1.0,0.04252259352616701,3.0,0.022467696294023388,0.5352357573897923,0.0292740647810219,0.44132071167883213,0.10726643598615918,0.07757127378974982,0.19280575539568345,0.021515434985968196,0.15686475060516178,0.07193691872219976,0.02716800695500978,0.5294117647058824,0.6176470588235294,0.6141732283464567,0.17647058823529413,0.48643216080402013,0.5858222382151853,0.814846271445558
TW009,愛莉莎莎 Alisasa,UCAKJ0tmI_RMXqTgxL_OMfIg,愛莉莎莎 Alisasa,baseline_runs/alisasa-official-full,76.0,49723.0,34532.0,83629.0,654.25,454.36842105263156,1.4063978757093085,0.029682613228,0.124522182324,0.0,0.8457952044479999,0.154204795552,0.36236751603885525,0.029682613228,0.124522182324,0.8457952044479999,0.154204795552,0.36236751603885525,0.09816076493464722,,,0.0163631483921339,0.2791316104397211,5.0,0.35061728395061725,0.8237037037037037,0.2554339887212315,0.7238430482975822,0.8452631578947368,0.13318388381795154,3.0,0.18957538652859654,0.3165169976921881,0.11553825155034451,0.6092539576381916,0.4790518191841235,0.36065636847416915,0.5577705104507322,0.24361430395913156,0.405433521864425,0.19401484222593166,0.24594467055978292,98.79953650057938,131.54489603024575,137.36222300386916,0.23076923076923078,98.2366687911621,141.38518308260007,150.27345287948745
TW010,菜喳,UCSckEwXBJmJEUzIo6NplQ5g,菜喳,baseline_runs/caizha-full,156.0,11002.0,6823.0,13404.0,70.52564102564102,43.73717948717949,0.7578275902969965,0.015535688114,0.037959841712,0.146709658508,0.799794811666,0.053495529826000005,0.2924013815669878,0.015535688114,0.037959841712,0.946504470174,0.053495529826000005,0.2924013815669878,0.13992004568817817,0.1296876719406179,0.07757212847033207,0.030598698277685098,0.20221163358838146,4.0,0.535958904109589,0.8767123287671232,0.3623041377369112,0.7087086348426742,0.19665092314297983,0.1781726495008833,4.0,0.11645777379886602,0.28595941509997014,0.10078775933737344,0.3003309448814063,0.5024875621890548,0.29838499009576125,0.4823209428830462,0.07120743034055728,0.17920023873470606,0.09225595346300673,0.12656119900083265,1.0,1.0,1.0,1.0,0.6530612244897959,0.7214076246334311,0.746879334257975
TW011,魚乾,UCpgt8SEyAy5tbr9BzVK8Lsg,魚乾,baseline_runs/annie72127-full,172.0,29290.0,20775.0,37531.0,170.2906976744186,120.78488372093024,0.918598585496172,0.006835138387000001,0.028688327316,0.11571600481300001,0.848760529483,0.035523465703,0.19590303857972005,0.006835138387000001,0.028688327316,0.964476534296,0.035523465703,0.19590303857972005,0.10549040511727079,0.13795406855876993,0.1517503017761683,0.011954176202400963,0.20160183526957837,7.0,0.25112917795844625,0.6702800361336947,0.18553607698076377,0.7676097139920632,0.20405916752665978,0.22008193751740943,3.0,0.08121286403239988,0.4420345847432789,0.08169774288518156,0.44291433772809374,0.4042904290429043,0.2717634667084495,0.5492227979274611,0.099644128113879,0.21957848178838826,0.10242403550699898,0.17109574080815435,2.130434782608696,1.3577981651376148,0.9473684210526315,0.5,1.7558441558441558,1.987640192263676,1.605649775761637
TW012,安啾咪,UCjhwHd3mgmqm0ONm0bXKmng,安啾咪,baseline_runs/anjouclever103-full,17.0,2811.0,2085.0,3337.0,165.35294117647058,122.6470588235294,1.098520612013931,0.056115107914,0.059472422062000006,0.0,0.884412470024,0.115587529976,0.3297758804695838,0.056115107914,0.059472422062000006,0.884412470024,0.115587529976,0.3297758804695838,0.136986301369863,,,0.2379899793692897,0.10322250188411602,3.0,0.36752136752136755,1.0,0.3387391336109285,0.6420208412514823,1.0,0.02374788109557749,2.0,0.017380881030866047,0.6364998501648187,0.002856616291927755,0.603145349551542,0.05319148936170213,0.032962585524986286,0.030303030303030304,0.045454545454545456,0.15762661072819897,0.09640697260761295,0.015209125475285171,0.15384615384615385,0.14285714285714285,0.058823529411764705,0.14285714285714285,0.2336448598130841,0.10380622837370242,0.01308277830637488
TW013,老皮,UC6yxPVu2b52UVJQEwCTzivQ,老皮（Opchannel）,baseline_runs/tolocat-full,366.0,8890.0,4913.0,11525.0,24.2896174863388,13.423497267759563,0.427377155628598,0.006920415225,0.014044372074,0.20781599837200002,0.771219214329,0.020964787299,0.23363329583802026,0.006920415225,0.014044372074,0.979035212701,0.020964787299,0.23363329583802026,0.17321717990275526,0.1543346904309331,0.14084507042253522,0.02739430543572045,0.25712901566493646,5.0,0.26557377049180325,0.7278688524590163,0.2179091642031712,0.7422288586772996,0.06641697877652934,0.3625296491596858,8.0,0.0768763557483731,0.27696312364425163,0.07080626948855807,0.3610032010442241,0.5,0.4842105263157895,0.5833333333333334,0.08566978193146417,0.22863340563991325,0.12677165354330708,0.08311195445920304,1.0,1.0,1.0,1.0,0.45714285714285713,0.6611570247933884,0.5790010193679919
TW014,放火 Louis,UCuLKTkYGCXako3wMktwrbkQ,放火 Louis,baseline_runs/louislee0602-full,13.0,6772.0,5803.0,8794.0,520.9230769230769,446.38461538461536,1.0757359744886006,0.021368257798,0.063415474754,0.0,0.915216267448,0.084783732552,0.19565859421145895,0.021368257798,0.063415474754,0.915216267448,0.084783732552,0.19565859421145895,0.06953125,,,0.09929971988795518,0.25413849643988234,5.0,0.24166666666666667,0.675,0.20597222222222222,0.7110561406026508,0.9358974358974359,0.05102577777777775,2.0,0.08016829656584035,0.2302706390720946,0.0596199335282904,0.33529787510105497,0.17105263157894737,0.12644674842798415,0.2497539716012934,0.10687022900763359,0.2299294973845804,0.07398109864146485,0.10187932739861523,0.47368421052631576,0.46153846153846156,1.0641110376734964,0.15789473684210525,0.339622641509434,0.46153846153846156,1.0641110376734964
TW015,sandy mandy,UChX5JaALoA1o80Cc5zkQz_Q,sandy mandy,baseline_runs/sandymandy-official-full,6.0,618.0,367.0,942.0,103.0,61.166666666666664,0.6520266634592863,0.098092643052,0.114441416894,0.0,0.787465940054,0.212534059946,0.5194174757281553,0.098092643052,0.114441416894,0.787465940054,0.212534059946,0.5194174757281553,0.24744897959183673,,,0.7047619047619048,0.03264856003244998,2.0,0.5555555555555556,1.0,0.5061728395061729,0.47859158274260605,1.0,0.0,1.0,0.006369426751592357,0.7080679405520169,0.0019059720457433292,0.7757306226175349,0.022900763358778626,0.008255100911921356,0.008522727272727272,0.009523809523809525,0.34394904458598724,0.40614886731391586,0.0030864197530864196,0.0,0.0,0.0,0.0,0.0,0.0,0.0
TW016,This is Catie,UCxls4ftUSbEcrDR1zQWIwfA,Hello Catie,baseline_runs/hellocatie-full,13.0,6011.0,4656.0,6739.0,462.38461538461536,358.15384615384613,1.9557730444303092,0.053479381443,0.104381443299,0.0,0.842139175258,0.157860824742,0.33438695724505074,0.053479381443,0.104381443299,0.842139175258,0.157860824742,0.33438695724505074,0.11496980155306298,,,0.1223151555704249,0.24693155725718052,5.0,0.2653061224489796,0.7020408163265306,0.21036234902124115,0.7491087293017633,0.8205128205128205,0.0366092797783934,2.0,0.030865113518326163,0.5555720433298709,0.014493181415667985,0.6454926500974083,0.06611570247933884,0.05072083271927078,0.053961456102783724,0.026490066225165563,0.10802789731414156,0.05756113791382465,0.07967032967032966,0.5517241379310345,1.0962962962962963,1.1942446043165467,0.13793103448275862,0.7659574468085106,1.8260869565217392,2.1614906832298137
TW017,劉芒,UC_mKbvc7YSASXkO2fIvz_pQ,劉芒,baseline_runs/lioumonn-full,25.0,10659.0,8473.0,13216.0,426.36,338.92,1.8513851344837895,0.043314056414,0.084621739644,0.0,0.8720642039419999,0.12793579605799998,0.29590017825311943,0.043314056414,0.084621739644,0.8720642039419999,0.12793579605799998,0.29590017825311943,0.07775457560496253,,,0.04699907663896583,0.3543732727851259,7.0,0.29362880886426596,0.736842105263158,0.21964994129879303,0.64320867234475,0.87,0.13353086577740864,3.0,0.14467312348668282,0.5158141646489104,0.29591504029065163,0.3014734423276973,0.39725036179450074,0.31492369919992813,0.5944726914876168,0.31076923076923074,0.193477602905569,0.09869593770522563,0.194759483770043,2.9454545454545453,4.114285714285714,6.888167053364269,0.4,4.213872832369942,6.147321428571429,9.392585698774624
TW018,黃小米Mii,UCjZCm3uuhkCvTYE9txucVcw,黃小米Mii,baseline_runs/miihuang711-full,205.0,33455.0,15626.0,36802.0,163.1951219512195,76.22439024390243,1.220351130640458,0.02297452963,0.058172276974,0.237168821195,0.6816843722,0.081146806604,0.3939620385592587,0.02297452963,0.058172276974,0.9188531933949999,0.081146806604,0.3939620385592587,0.2501946690625936,0.25747527305567597,0.22325581395348837,0.05974283221351774,0.16961598722381543,4.0,0.37386498223450454,0.8922226608764311,0.3057699168449814,0.6533745917983553,0.2542382523609057,0.1358126866509649,2.0,0.0252431933047117,0.7687897396880604,0.04397339198251319,0.6503987154750179,0.3333333333333333,0.19848351648351648,0.5379310344827586,0.030317385125532923,0.09094614423129178,0.0683305933343297,0.04242605318195399,1.9600000000000002,2.333333333333333,1.5555555555555554,0.5,1.1413301662707838,2.2178861788617885,2.1883646683221
TW019,古娃娃WawaKu,UCVw4CvsOUuVJpFyW_VPnIBQ,古娃娃WawaKu,baseline_runs/wawaku-full,11.0,588.0,550.0,692.0,53.45454545454545,50.0,0.3205645425086029,0.009090909091,0.034545454545,0.0,0.956363636364,0.043636363636,0.09183673469387756,0.009090909091,0.034545454545,0.956363636364,0.043636363636,0.09183673469387756,0.04156479217603912,,,,,,,,,,1.0,0.0,1.0,0.02167630057803468,0.5332369942196532,0.006541291905151268,0.6857454347233579,0.06206896551724138,0.024344050046743722,0.08196721311475409,,0.15028901734104047,0.11054421768707483,0.04807692307692308,0.047619047619047616,0.043478260869565216,0.058355437665782495,0.047619047619047616,0.045454545454545456,0.043478260869565216,0.058355437665782495
TW020,詹姆士姆士流官方專屬頻道,UC4_Ds33FmwzcTDL3G2pbs7g,詹姆士官方專屬頻道,baseline_runs/chef-james-tw-full,391.0,46534.0,25167.0,65008.0,119.01278772378517,64.36572890025576,0.4976803171113656,0.004211864744,0.01927126793,0.230659196567,0.7458576707589999,0.023483132674,0.22351398977092019,0.004211864744,0.01927126793,0.9765168673259998,0.023483132674,0.22351398977092019,0.19382736289859825,0.17626246235259957,0.20474613686534215,0.005854105030749686,0.2097152996703473,4.0,0.5887225230965275,0.8900923861102261,0.4069601507958585,0.7120435742603999,0.1718353180202043,0.18677580001288902,4.0,0.10149520059069653,0.28288825990647304,0.07992139407395078,0.3740305134889165,0.4511627906976744,0.3431223410178063,0.47627118644067795,0.12083753784056508,0.2841804085650997,0.14239051016461082,0.1278012341669373,1.6805555555555558,2.487309644670051,4.075085324232082,0.3333333333333333,14.255079712410128,24.655455655455658,37.78113184060249
TW021,阿慶師,UC-SP7S0UGHLs_Miu4_0ccNg,阿慶師,baseline_runs/achingchef-full,336.0,19975.0,11439.0,37557.0,59.44940476190476,34.044642857142854,0.3359541343810819,0.004808112597,0.017134364892,0.196170993968,0.781886528543,0.021942477489000002,0.21757196495619524,0.004808112597,0.017134364892,0.978057522511,0.021942477489000002,0.21757196495619524,0.15412879520402242,0.15099463046780473,0.15833801235261089,0.011011228555434818,0.3240865141032074,6.0,0.37801047120418846,0.9068062827225131,0.3003327759655711,0.5744633833381695,0.06396805727660747,0.40407372526267016,5.0,0.015043800090529063,0.4690470484863008,0.013314888466194016,0.5608075393394432,0.18181818181818182,0.12066954101047585,0.2929936305732484,0.012612612612612612,0.468141757861384,0.6487609511889862,0.009441474235013082,0.23076923076923078,0.3508771929824561,0.5352112676056338,0.07692307692307693,0.40370687641149444,0.8529530162746564,1.111609875535605
TW022,夢幻廚房在我家,UCUz5OVO4aYhfur0R-TCaBtg,Dream Chef Home 夢幻廚房在我家,baseline_runs/dreamchefhome-full,208.0,13716.0,9288.0,18507.0,65.9423076923077,44.65384615384615,0.41122435004606334,0.005706287682999999,0.019918173988000002,0.144918173988,0.829457364341,0.025624461671,0.17505103528725577,0.005706287682999999,0.019918173988000002,0.974375538329,0.025624461671,0.17505103528725577,0.13554954258471846,0.13256859850441968,0.15320197044334977,0.01856306377591391,0.2948814074676544,8.0,0.34550561797752816,0.7696629213483147,0.23401401338214878,0.6757531068126483,0.05368671423717295,0.35673704478384427,8.0,0.024369157616037175,0.37256173339817367,0.016970871358919865,0.49192086510813854,0.1111111111111111,0.0951946853579156,0.1329479768786127,0.03987240829346093,0.25887502026260334,0.23388743073782445,0.033604675433103734,0.5,0.6,0.9022556390977443,0.5,0.7793017456359103,1.3567104988520142,1.9472889038106427
TW024,欸你這週要幹嘛,UCFycVZXj9fRWB_OZfFKe2PA,欸你這週要幹嘛,baseline_runs/happyariel-full,188.0,66978.0,35621.0,73599.0,356.2659574468085,189.47340425531914,0.5687973604500668,0.017714269672000002,0.058364447938000004,0.18685606805,0.7370652143399999,0.07607871761000001,0.3738541013467109,0.017714269672000002,0.058364447938000004,0.9239212823899999,0.07607871761000001,0.3738541013467109,0.1729313856133558,0.2109275292463234,0.12311984473556525,0.022114642760119534,0.21839258178703327,4.0,0.4553333333333333,0.8915555555555555,0.3231520987654321,0.6949928829243024,0.9842416657185118,0.08638252870418861,4.0,0.02591067813421378,0.6662998138561665,0.03005818560727123,0.6565494927913768,0.29108910891089107,0.19683064575241524,0.5455007625826132,0.02703287197231834,0.08996046141931276,0.041162769864731705,0.07008004833106782,0.5714285714285714,1.0602409638554218,1.4848484848484849,0.2857142857142857,1.1864057672502575,1.6112026359143328,2.636285958416406
TW025,金魚腦,UCTT5gtQU5rX8sUQnZaBqiVw,金魚腦Goldfish Brain,baseline_runs/goldfishbrain-full,62.0,21704.0,15963.0,27535.0,350.06451612903226,257.46774193548384,0.5845674253572928,0.027689030884,0.11896260101499999,0.0,0.853348368101,0.146651631899,0.3598415038702543,0.027689030884,0.11896260101499999,0.853348368101,0.146651631899,0.3598415038702543,0.09898333804010166,,,0.031175703658256,0.19707449456936227,6.0,0.40451977401129946,0.8395480225988701,0.275554278783236,0.6922077870485773,0.8508725542041248,0.1235352513090126,2.0,0.03617214454330852,0.5734519702197204,0.025474785161625737,0.6770135682029013,0.12690355329949238,0.1052521357176879,0.28191489361702127,0.04700854700854701,0.2117668422008353,0.1898728345005529,0.04561824729891957,0.6049382716049383,0.8584905660377359,2.1161290322580646,0.11538461538461539,2.026421596783458,3.290440430282119,5.826944140197152
TW026,吳鳳 Rifat,UCpf0vbBSBbWO7sKRvOxVnpg,吳鳳Rifat,baseline_runs/rifat-full,148.0,27497.0,19188.0,38486.0,185.79054054054055,129.64864864864865,1.3194965269221774,0.008077965395,0.05649364185899999,0.106160100063,0.829268292683,0.06457160725399999,0.24817252791213587,0.008077965395,0.05649364185899999,0.935428392746,0.06457160725399999,0.24817252791213587,0.09783770033070466,0.18253196142247902,0.18346703871642833,0.012452066065055853,0.2878313887385622,6.0,0.29782082324455206,0.6844229217110572,0.20121606049295135,0.7285266663291334,0.24873752201996477,0.20657043312172405,4.0,0.2156888219092657,0.3586239151899392,0.14152541068156976,0.5959270549474235,0.4666666666666667,0.4277852017539427,0.61706397767879,0.22931276297335204,0.28553240139271424,0.09626504709604684,0.3183183183183183,7.703056768558953,11.873589164785553,11.923809523809522,1.0,26.938091143594157,33.84222631094756,44.68863440908885
TW027,Blaire Chen,UCwwDx8gVlTKYkWnjlz-TBhQ,Blaire Chen,baseline_runs/blairechen-full,111.0,8635.0,5724.0,11895.0,77.7927927927928,51.567567567567565,0.638201995403024,0.018518518519,0.061320754717000006,0.103948287911,0.8162124388540001,0.07983927323600001,0.31036479444122755,0.018518518519,0.061320754717000006,0.920160726765,0.07983927323600001,0.31036479444122755,0.12535714285714286,0.12105116019010344,0.12105116019010344,0.034192964596765074,0.21664553865917063,5.0,0.2494061757719715,0.7054631828978623,0.21084850570691885,0.7390767435384645,0.2656215005599104,0.1513607247773199,5.0,0.0332072299285414,0.6170659941151745,0.03524606628724473,0.6790090391697355,0.3125,0.2236846377306904,0.6532846715328468,0.029411764705882353,0.2740647330811265,0.24470179502026637,0.02852760736196319,0.8181818181818181,1.0273972602739725,2.5,0.3333333333333333,1.0036288232244688,1.9729640619848334,7.481963033779477
TW028,小象愛出門,UCa7c1phjUa5UMWS68Ybgrdg,小象愛出門Elephant GoGo,baseline_runs/elephantgogo-full,301.0,33371.0,17994.0,50239.0,110.8671096345515,59.78073089700997,0.5375343149078363,0.007280204513,0.019728798488,0.211737245749,0.76125375125,0.027009003001000002,0.2620239129783345,0.007280204513,0.019728798488,0.972990996999,0.027009003001000002,0.2620239129783345,0.15036251487934207,0.15483887483179565,0.12394705174488568,0.014303523325730462,0.20227328755103435,4.0,0.500996015936255,0.9477091633466135,0.3561148830970937,0.6564660747696911,0.5247614404123424,0.179419746413468,2.0,0.04458687473874878,0.49151057943032306,0.044948845817695746,0.537386252634826,0.30837004405286345,0.21561859308332787,0.4635108481262327,0.03768883351502881,0.3357550906666136,0.3562973839561296,0.035985297604932416,2.127659574468085,2.9213483146067416,3.832258064516129,0.25,2.8548469648889347,4.380407216868343,8.33946174574479
TW029,Taiwan Bar,UCRNsHFT7BFoAPBcuAa5sgEQ,Taiwan Bar,baseline_runs/taiwanbar-full,111.0,5739.0,4387.0,10598.0,51.7027027027027,39.52252252252252,0.8379485722387157,0.008434009574,0.029405060405999998,0.079781171643,0.8823797583770001,0.03783906998,0.16919323924028576,0.008434009574,0.029405060405999998,0.9621609300200001,0.03783906998,0.16919323924028576,0.08483424693291569,0.11534446764091857,0.11534446764091857,0.043583535108958835,0.2887726992920899,7.0,0.2857142857142857,0.7058823529411764,0.20231622060588939,0.6483988787987618,0.1349527665317139,0.25519813611089354,4.0,0.22862804302698622,0.20352896772976034,0.1284949948222299,0.44754631227706826,0.5192307692307693,0.44132488114462554,0.5410036719706243,0.5,0.45848273259105493,0.23139919846663182,0.28730191397406873,2.314102564102564,3.104575163398693,3.092771770062607,0.5,5.929453262786596,7.382399279765925,8.343151580404522
TW030,理科太太,UCHfY_EOzB1i57hYLSw_rYMg,理科太太 Li Ke Tai Tai,baseline_runs/liketaitai-full,45.0,6356.0,5244.0,8080.0,141.24444444444444,116.53333333333333,0.7369616287176647,0.027269260107000003,0.068077803204,0.0,0.90465293669,0.09534706331100001,0.22734424166142228,0.027269260107000003,0.068077803204,0.90465293669,0.09534706331100001,0.22734424166142228,0.06466227347611203,,,0.0546984572230014,0.30271152585749517,6.0,0.4301075268817204,0.9354838709677418,0.3270898369753728,0.3955380108227912,0.2014260249554367,0.30495499951889266,5.0,0.09306930693069307,0.41386138613861384,0.11406388411234433,0.5238002188525871,0.40425531914893614,0.24825107306147962,0.5025380710659898,0.2857142857142857,0.21336633663366336,0.09675896790434235,0.1351508120649652,2.0408163265306123,4.184782608695652,6.317991631799163,0.25,1.5734265734265733,3.475609756097561,5.671967125245668
TW031,PanSci 泛科學,UCuHHKbwC0TWjeqxbqdO-N_g,PanSci 泛科學,baseline_runs/panscitw-full,457.0,90055.0,47670.0,161786.0,197.05689277899344,104.31072210065645,1.1066951857426053,0.0033983637509999998,0.012565554856000001,0.251164254248,0.7328718271450001,0.015963918607,0.17565931930486925,0.0033983637509999998,0.012565554856000001,0.984036081393,0.015963918607,0.17565931930486925,0.21976134307505554,0.1821206906701446,0.15793017216504762,0.005944149279792096,0.2323758948069435,5.0,0.3880115469519443,0.8050602818814739,0.27348261857207146,0.7038722444660207,0.43245041448634264,0.180723066593425,3.0,0.2047519562879359,0.13582139369290297,0.15635048139396843,0.2251069700712981,0.6666666666666666,0.44732399236883663,0.6842105263157895,0.24902622695403792,0.4433696364333131,0.22187552051524068,0.23302337901325787,12.686468646864688,13.229151014274981,12.971379507727534,1.0,31.846578920928362,30.257116321100455,27.867472627737225
TW032,報導者 The Reporter,UCbWm0FTcQgRyc--ZsAzGcRA,報導者 The Reporter,baseline_runs/twreporterorg-full,33.0,17352.0,14690.0,34585.0,525.8181818181819,445.1515151515151,3.748818772093337,0.015929203540000002,0.054526889040000005,0.0,0.92954390742,0.07045609258,0.15369986168741356,0.015929203540000002,0.054526889040000005,0.92954390742,0.07045609258,0.15369986168741356,0.051049785829646796,,,0.06379074927462024,0.4019044392699402,7.0,0.21658986175115205,0.6175115207373272,0.1821444498715199,0.6407421724482387,0.5228758169934641,0.032450445506198265,3.0,0.4399016914847477,0.1081971953158884,0.39513923192049366,0.17581854508725495,0.5466666666666666,0.5167928903693066,0.6576539101497504,0.3630952380952381,0.49827960098308516,0.1630359612724758,0.4332385539372135,12.347129506008011,6.188421277504807,3.2346911957950066,0.3333333333333333,22.3645722399716,14.808474773308532,11.785410680472982
TW033,百靈果News,UCD2KoUc0f4Bv2Bz0mbOah8g,百靈果News,baseline_runs/bailingguo-full,731.0,153920.0,77113.0,292617.0,210.5608755129959,105.48974008207934,1.3099516049817785,0.001218990313,0.006911934434,0.277462943991,0.714406131262,0.008130924747,0.11848362785862786,0.001218990313,0.006911934434,0.991869075253,0.008130924747,0.11848362785862786,0.22534388140545933,0.16553657452486265,0.2096797153024911,0.005274093413371624,0.2645487227453629,9.0,0.32734132268086996,0.8528628495339547,0.27090702557855983,0.6898994792726848,0.15817550440697778,0.1942832101145102,4.0,0.2930793494567985,0.16184637256208628,0.21249438773522822,0.34862876226753947,1.0,0.7611111111111111,1.0,0.4666666666666667,0.47398818250477587,0.1941008316008316,0.31501762835533575,17.922480620155042,20.61867606342814,31.214713216957605,0.1678832116788321,121.52529562355235,143.58119969360976,175.88448674653458
TW034,敏迪選讀,UCH6GnFl2Lk2sxDGdV7GuJzA,敏迪選讀,baseline_runs/mindiworldnews-full,265.0,21515.0,14205.0,43414.0,81.18867924528301,53.60377358490566,2.955137131274018,0.002815909891,0.013234776487,0.16008447729699998,0.8238648363250001,0.016050686378,0.12354171508250059,0.002815909891,0.013234776487,0.9839493136220001,0.016050686378,0.12354171508250059,0.1381619525949423,0.14934314672676735,0.07812206572769953,0.014097093268730196,0.5002031926664419,9.0,0.26609442060085836,0.6995708154506438,0.20628078943759837,0.5945484244170569,0.09394223751433636,0.38521438472426445,6.0,0.32984751462661815,0.16264338692587643,0.26738501634553097,0.3213440997905964,0.7142857142857143,0.5586143388890521,0.8947368421052632,0.6,0.5044225365089603,0.21766209621194516,0.3726654185122608,13.083857442348009,6.554735013032146,6.320528211284514,1.0,26.257835600236547,19.256266621399877,19.77154182774387
TW035,法律白話文運動,UCXd6dUdTQchAg2P0QRh_42Q,法律白話文運動 Plain Law Movement,baseline_runs/plainlaw-me-full,1146.0,15298.0,8184.0,38246.0,13.349040139616056,7.141361256544503,4.0497790861127365,0.0,0.002077223851,0.25537634408599996,0.742546432063,0.002077223851,0.04163942999084848,0.0,0.002077223851,0.9979227761489999,0.002077223851,0.04163942999084848,0.2936133733390484,0.05774801056786351,0.1,0.017076474931827828,0.3845645617165172,10.0,0.2555366269165247,0.696763202725724,0.19509880459356468,0.6534431545748121,0.06916182170542635,0.3224504182936278,8.0,0.34466349422161796,0.07187679757360246,0.3630244466468451,0.15672636745481147,1.0,1.0,1.0,0.6,0.6000104586100508,0.2659171133481501,0.35876764859682764,2.25,2.1999999999999997,2.4545454545454546,1.0,12.373475989052004,7.202059596844873,7.893631627121032
TW036,股癌 Gooaye,UC23rnlQU_qE3cec9x709peA,Gooaye 股癌,baseline_runs/gooaye-full,350.0,17235.0,3876.0,20176.0,49.24285714285714,11.074285714285715,2.3140238437768734,0.042827657379,0.065789473684,0.298761609907,0.59262125903,0.108617131063,0.6621409921671019,0.042827657379,0.065789473684,0.891382868937,0.108617131063,0.6621409921671019,0.34418052256532067,0.3511764775148587,0.3684210526315789,0.045304651140194906,0.1511994429019888,3.0,0.6295566502463055,1.0,0.4919867019340436,0.509091866927317,0.8989111747851003,0.0920717316517709,2.0,0.09526169706582077,0.37727993655828707,0.11897957906593522,0.3204981122629899,0.42290748898678415,0.28834680662100076,0.6106194690265486,0.08793164827340691,0.14576724821570183,0.08372497824194952,0.1649098945936756,2.0,2.4705882352941178,2.2857142857142856,1.0,2.497560975609756,3.1406761177753544,3.38255033557047
TW037,柴鼠兄弟,UC45i13dEfEVac2IEJT_Nr5Q,柴鼠兄弟 ZRBros,baseline_runs/zrbros-full,191.0,15648.0,8300.0,23286.0,81.92670157068063,43.455497382198956,0.7295565076902053,0.014939759036,0.058433734939999996,0.17710843373500001,0.7495180722889999,0.073373493976,0.38087934560327197,0.014939759036,0.058433734939999996,0.926626506024,0.073373493976,0.38087934560327197,0.1704223757218888,0.18841611824007679,0.17627245508982037,0.025507426705031495,0.13547203210771544,4.0,0.3922155688622755,0.8882235528942116,0.290534699064944,0.6882871283657049,0.6830545355637155,0.09286254031195675,3.0,0.09069827364081422,0.29124796014772825,0.09971210334533788,0.39521517884650115,0.46558704453441296,0.32418471633681517,0.46923076923076923,0.0850178359096314,0.3280082452976037,0.2503834355828221,0.09897879025923016,1.0,1.0666666666666667,1.71,1.0,3.0798187521784595,5.420511000709723,7.167420814479638
TW039,電獺少女,UCAr4MVsPBKjhg5eLDDpbDFg,電獺少女-女孩的科技日常,baseline_runs/aottergirls-full,984.0,42360.0,23290.0,70106.0,43.048780487804876,23.66869918699187,0.6392581080670359,0.0017604121940000001,0.0034349506229999997,0.179948475741,0.814856161443,0.005195362817,0.18283758262511804,0.0017604121940000001,0.0034349506229999997,0.994804637184,0.005195362817,0.18283758262511804,0.12062191757920254,0.12510933848904082,0.14783927217589082,0.006913594003739469,0.19478151305053049,7.0,0.5626959247648903,0.8469174503657262,0.3724893514105491,0.6590840851286206,0.09584651354696741,0.3249828049389252,4.0,0.10913473882406641,0.29990300402248027,0.13425150743798453,0.2910395756912922,1.0,0.6276388888888889,1.0,0.14705882352941177,0.39577211650928595,0.3868271954674221,0.0915086859367116,3.0,5.342465753424658,5.157894736842105,0.5,7.105658884052236,10.14686914915748,11.567688564476885
TW040,科技狗 3C Dog,UC5r-9EMDERXlUni-UWAtTdg,科技狗 3C Dog,baseline_runs/3cdogs-full,150.0,8419.0,6021.0,15507.0,56.126666666666665,40.14,0.9281726244530214,0.005314731772,0.063942866633,0.099152964624,0.831589436971,0.069257598405,0.2440907471196104,0.005314731772,0.063942866633,0.930742401595,0.069257598405,0.2440907471196104,0.11756007393715343,0.12837333289011818,0.11650885137916839,0.0072871194924626044,0.26283701131424814,15.0,0.619277108433735,0.7518072289156627,0.39951807228915664,0.6105114698117002,0.06227106227106227,0.44466912353789456,7.0,0.17959631134326434,0.1239440252789063,0.21060895931848536,0.15980218748871963,0.5,0.3954010807109488,0.7325581395348837,0.3333333333333333,0.4570838975946347,0.38128043710654475,0.16549097065462753,1.4705882352941178,1.75,2.2503961965134707,0.5,3.6409001956947162,4.97638471446973,6.117586490939045
TW041,3cTim哥生活的日常,UCmoOnxeTHUcUBWFNSUR8HvQ,3cTim哥生活日常,baseline_runs/3ctim-full,1370.0,53663.0,31037.0,78800.0,39.17007299270073,22.654744525547446,0.5066652353182576,0.000708831395,0.001224345136,0.19789283758100001,0.800173985888,0.001933176531,0.12394014497884949,0.000708831395,0.001224345136,0.998066823469,0.001933176531,0.12394014497884949,0.13566700244639515,0.11795303518229235,0.09672830725462304,0.003898231773285571,0.17683242619428738,8.0,0.38321322594319635,0.6774056803730395,0.22367755932247255,0.7742833438927862,0.03339780786589297,0.310252515915172,13.0,0.12988578680203045,0.17901015228426395,0.16247804980919048,0.20479274558867067,1.0,0.5486102133160957,1.0,0.14270905321354527,0.318997461928934,0.2192572163315506,0.12304570951187492,2.710843373493976,4.375,7.371879106438897,1.0,7.854545454545455,13.113496932515337,14.712508675457796
TW042,小施汽車生活頻道,UCee8oHYP2XfJRAChLjq-x5g,小施汽車生活頻道,baseline_runs/sscarlife-full,669.0,136887.0,49722.0,181252.0,204.61434977578475,74.32286995515695,1.0762286865549815,0.005208961828000001,0.021117412815,0.355174771731,0.618498853626,0.026326374643,0.2757676039360933,0.005208961828000001,0.021117412815,0.973673625357,0.026326374643,0.2757676039360933,0.34911492531582383,0.2668777949401697,0.28121531631520535,0.007808793968550892,0.14463924300978354,5.0,0.31811432813659984,0.7787676317743133,0.23563540524765916,0.7449574335770207,0.41284001970335504,0.09100631775236348,3.0,0.1301502879968221,0.2464855560214508,0.1361421649938105,0.32249643157412444,0.75,0.5047724514563108,0.9,0.17650840297547984,0.24476971288592678,0.11402105386194453,0.1532965175250761,3.0083333333333333,4.468531468531468,6.691525423728813,0.4,37.75275051057382,56.6539785903352,81.99291399260696
TW043,SiCAR 愛車酷,UCD76jE_-uOSeyC2q8jX7pVQ,SiCAR愛車酷,baseline_runs/sicar-full,252.0,4208.0,3417.0,7191.0,16.6984126984127,13.55952380952381,0.4837542271014569,0.000877963126,0.006145741878999999,0.103014340064,0.889961954931,0.007023705004999999,0.05370722433460076,0.000877963126,0.006145741878999999,0.9929762949950001,0.007023705004999999,0.05370722433460076,0.07206611570247934,0.07702278409309313,0.09049773755656108,0.15384615384615385,0.6261053440984237,4.0,0.35714285714285715,0.8571428571428571,0.2755102040816326,0.0625,1.0,0.0,1.0,0.19176748713669864,0.16604088443888193,0.20124240257418663,0.22573292813728996,1.0,0.7711111111111111,1.0,0.2727272727272727,0.41482408566263385,0.2637832699619772,0.19309420046932618,2.360655737704918,2.8076923076923075,2.5986206896551725,1.0,5.390000000000001,7.814227916385704,9.229847168115073
TW044,小老婆汽機車資訊網,UCIw_XkMBw6DRNA_T92qLBiQ,小老婆汽機車資訊網 Jorsindo Motor Club,baseline_runs/jorsindo-full,582.0,39899.0,16578.0,78945.0,68.55498281786942,28.484536082474225,1.5303166392698604,0.004101821691,0.022198093859,0.309566895886,0.664133188563,0.02629991555,0.25592120103260735,0.004101821691,0.022198093859,0.973700084449,0.02629991555,0.25592120103260735,0.2837898771277195,0.25076271572543213,0.20869125821121778,0.016803063320079314,0.22180003841583681,7.0,0.32610379550735863,0.7881487219209915,0.2498693511235803,0.7296357900076493,0.15684709638045163,0.1343473601522881,5.0,0.20317942871619482,0.1352587244283995,0.21428760565949473,0.20557593802682642,0.6666666666666666,0.5808210180623974,0.7684210526315789,0.2214963446881319,0.4945975045918044,0.29324043209102985,0.20445116017005582,5.653846153846153,5.775,5.493893293336191,1.0,58.442139623038855,69.10172707683402,77.66083231918294
TW046,蒼藍鴿的醫學天地,UCUn77_F5A65HViL9OEvIpLw,蒼藍鴿的醫學天地,baseline_runs/bluepigeon0810-full,288.0,69477.0,42121.0,123426.0,241.23958333333334,146.25347222222223,1.5704475482792764,0.003394981126,0.024761995204,0.21063127656,0.76121174711,0.02815697633,0.18583128229486018,0.003394981126,0.024761995204,0.97184302367,0.02815697633,0.18583128229486018,0.16503990976921742,0.16323117355561315,0.13626373626373625,0.005290089372864449,0.19686086525730062,6.0,0.4516488413547237,0.8023618538324421,0.28252454157809614,0.7660334193339428,0.32600792674593415,0.11301922505827033,4.0,0.24115664446713012,0.11209145560902889,0.24971567728945981,0.18171160925307728,0.5297766749379652,0.4769435658280334,0.6566523605150214,0.2920806985847636,0.4370959117203831,0.17965657699670395,0.25668687093365955,6.951127819548872,12.07079646017699,18.457473162675473,0.3055555555555556,31.58727881396461,34.11674173208081,42.514980613323935
TW047,營養師 Ricky's Time,UCd7BiGIGWKWGzwSSWlYQI2A,營養師Ricky's Time,baseline_runs/rickystime-full,113.0,3793.0,3048.0,5872.0,33.56637168141593,26.97345132743363,0.50983286541528,0.008202099738,0.031496062992,0.069881889764,0.890419947507,0.03969816273,0.15502240970208278,0.008202099738,0.031496062992,0.960301837271,0.03969816273,0.15502240970208278,0.08120472741136103,0.11638316920322292,0.11638316920322292,0.0907563025210084,0.30499368703135865,6.0,0.4,0.7428571428571429,0.24244897959183676,0.4008424941797151,0.08791208791208792,0.8144943212547323,6.0,0.07680517711171662,0.22173024523160764,0.11209000289531373,0.29739008148240065,0.3076923076923077,0.24961110995266594,0.48541575968654765,0.15517241379310345,0.35405313351498635,0.3219087793303454,0.06204906204906205,1.0,1.0,1.027027027027027,1.0,0.2549800796812749,0.5714285714285714,0.6909288430200977
TW048,營養師品瑄,UCLwFOT4tHGaK9kqXXExhPFQ,營養師品瑄,baseline_runs/dietitian-pink-full,65.0,3552.0,2608.0,5248.0,54.646153846153844,40.12307692307692,0.8049686873526094,0.033742331288,0.098159509202,0.0,0.868098159509,0.13190184049,0.3536036036036036,0.033742331288,0.098159509202,0.868098159509,0.13190184049,0.3536036036036036,0.110056107034959,,,0.05753391472868217,0.25545457564015533,4.0,0.5348837209302325,0.9224806201550387,0.36734571239709146,0.5633132838497673,0.18067632850241547,0.27598515165233134,3.0,0.10518292682926829,0.22541920731707318,0.19216366332403428,0.2374525622659529,0.5714285714285714,0.32176616394358326,0.5551085230280571,0.08108108108108109,0.3231707317073171,0.23704954954954954,0.09610849056603774,0.36363636363636365,0.5,0.5238095238095238,0.25,0.4339339339339339,0.6080476900149031,0.8576756968983117
TW049,好味小姐 Lady Flavor,UCOz7W0VH--2WlqAE_3jtL4w,好味小姐 Lady Flavor,baseline_runs/ladyflavor-full,120.0,55580.0,21656.0,63676.0,463.1666666666667,180.46666666666667,0.9516912090444021,0.08371813816,0.126939416328,0.15455301071299998,0.6347894347990001,0.210657554488,0.6286793810723281,0.08371813816,0.126939416328,0.7893424455120001,0.210657554488,0.6286793810723281,0.3053435114503817,0.32371842773875353,0.32371842773875353,0.050942774344202024,0.11131161893508684,4.0,0.5539947322212467,0.9264705882352942,0.38448685791720016,0.711741125059762,0.9705882352941176,0.04815271885802569,3.0,0.020054651674100133,0.5120610591117533,0.014777383037086571,0.521387076148688,0.1263318112633181,0.0873181827112636,0.14143358623032498,0.02009499451954695,0.12714366480306552,0.05095358042461317,0.032361660079051384,0.4,0.9787234042553191,1.0778688524590163,0.10526315789473684,0.8525857902368293,1.0474888964810387,1.4186847543850352
TW050,好味小姐腦波弱,UCZp_f6DC_gDgJD8etJuIFJA,好味小姐腦波弱,baseline_runs/ladyflavor-brain-full,184.0,146696.0,45059.0,175283.0,797.2608695652174,244.8858695652174,0.8853941964225924,0.060454071329000006,0.13961694667,0.241505581571,0.558423400431,0.200071017999,0.651340186508153,0.060454071329000006,0.13961694667,0.799928982002,0.200071017999,0.651340186508153,0.3693587740701083,0.365494838075628,0.34449685534591196,0.04272084547783821,0.11315098038611014,3.0,0.571962765534251,1.0,0.43005490431144533,0.6356556787583207,0.9869327631266334,0.05789353707747113,3.0,0.03294101538654633,0.3973973517112327,0.017129255635080866,0.45398163961949645,0.21364744110479286,0.12013681395336187,0.3514729030807286,0.0346027977412731,0.16309054500436437,0.05468451764192616,0.04071780879420716,1.0666666666666667,3.066666666666667,4.766093278950168,0.14285714285714285,3.0261050133491545,4.258148208204962,5.367090404071123
TW051,錫蘭Ceylan,UCVjmBo22Mimyc4NR4Nz89MA,錫蘭Ceylan,baseline_runs/xilanceylan-full,112.0,171175.0,111569.0,250589.0,1528.3482142857142,996.1517857142857,2.1071874264277066,0.014107861503,0.076804488702,0.139133630309,0.7699540194860001,0.090912350205,0.28025704688184605,0.014107861503,0.076804488702,0.909087649795,0.090912350205,0.28025704688184605,0.11434970472336964,0.12760263272466515,0.12760263272466515,0.03103593412880015,0.26322413593461935,6.0,0.45427375971309025,0.8288503685993226,0.3001004828791457,0.7553855547827422,0.3959642109270893,0.10467864608596993,3.0,0.31994221613877705,0.1630678122343758,0.2788070110672385,0.32529152549534596,0.46216229301830153,0.4264283073721569,0.6078251654111649,0.42824339839265213,0.31690936154420185,0.1091456112165912,0.3172614400483542,41.29939956331878,54.90595107703542,109.60974079627873,0.3333333333333333,124.64563554852322,136.28195832413857,200.29436301313612
